{
    "fileInfo": {
        "jsAPIVersion": "1.0"
    },
    "title": "Globe",
    "shortTitle": "Globe",
    "minimumVersion": 10,
    "name": "blipp",
    "children": [
        {
            "className": "Scene",
            "name": "default",
            "children": [
                {
                    "className": "Light",
                    "name": "light",
                    "type": "directional",
                    "translation": [-100, 100, 1000],
                    "direction": [0, 0, -1]
                },
                {
                    "className": "Material",
                    "name": "dull",
                    "type": "shiny",
                    "shininess": 1,
                    "specularPower": 0.3
                },
                {
                    "className": "Sprite",
                    "name": "Stars",
                    "texture": "Stars.jpg",
                    "color": [1, 1, 1, 0],
                    "clickable": false
                },
                {
                    "className": "Sprite",
                    "name": "Base",
                    "children": [
                        {
                            "className": "Sprite",
                            "name": "Shadow",
                            "texture": "Shadow.png",
                            "type": "phantom",
                            "translation": [0, 0, 0],
                            "rotation": [0, 0, 0],
                            "scale": [800, 800, 800],
                            "light": "light",
                            "material": "dull",
                            "clickable": false
                        },
                        {
                            "className": "Mesh",
                            "name": "Night",
                            "mesh": "Map.md2",
                            "texture": "Night.png",
                            "type": "phantom",
                            "translation": [0, 0, 500],
                            "rotation": [0, 66.5, 0],
                            "scale": [4.02, 4.02, 4.02],
                            "light": "light",
                            "material": "dull",
                            "clickable": false
                        },
                        {
                            "className": "Mesh",
                            "name": "Center",
                            "mesh": "Center.md2",
                            "texture": "white.png",
                            "type": "solid",
                            "translation": [0, 0, 500],
                            "rotation": [0, -23.5, 0],
                            "scale": [4, 4, 4],
                            "light": "light",
                            "material": "dull",
                            "clickable": false,
                            "children": [
                                {
                                    "className": "Mesh",
                                    "name": "Map",
                                    "mesh": "Map.md2",
                                    "texture": "Map.jpg",
                                    "type": "solid",
                                    "translation": [0, 0, 0],
                                    "rotation": [0, 0, -90],
                                    "scale": [1, 1, 1],
                                    "light": "light",
                                    "material": "dull",
                                    "clickable": false,
                                    "children": [
                                        {
                                            "className": "Sprite",
                                            "name": "PointLon",
                                            "type": "phantom",
                                            "translation": [0, 0, 0],
                                            "rotation": [0, 0, 0],
                                            "scale": [1, 1, 1],
                                            "color": [0, 0, 0, 0],
                                            "light": "light",
                                            "material": "dull",
                                            "clickable": false,
                                            "children": [
                                                {
                                                    "className": "Mesh",
                                                    "name": "PointLat",
                                                    "mesh": "Point.md2",
                                                    "type": "solid",
                                                    "translation": [0, 0, 0],
                                                    "rotation": [0, 0, 0],
                                                    "scale": [1, 1.05, 1],
                                                    "color": [0.86, 0.21, 0.18, 0],
                                                    "light": "light",
                                                    "material": "dull",
                                                    "clickable": false
                                                }
                                            ]
                                        }
                                    ]
                                }
                            ]
                        }
                    ]
                }
            ]
        }
    ]
}